"id";"Sample";"Size";"Type";"Color";"Number"
"1";"EM22-01";"2.5 - 5";"Line";"Blue";"1"
"2";"EM22-01";"1 - 2.5";"Fragment";"White";"4"
"3";"EM22-02";">5";"Fragment";"Grey";"4"
"4";"EM22-02";">5";"Fragment";"Blue";"1"
"5";"EM22-02";">5";"Fragment";"Green";"1"
"6";"EM22-02";">5";"Fragment";"White";"6"
"7";"EM22-02";">5";"Fragment";"Red";"1"
"8";"EM22-02";">5";"Fragment";"Transparent";"3"
"9";"EM22-02";">5";"Film";"White";"1"
"10";"EM22-02";">5";"Film";"Transparent";"7"
"11";"EM22-02";">5";"Line";"Green";"3"
"12";"EM22-02";">5";"Line";"White";"1"
"13";"EM22-02";">5";"Line";"Red";"1"
"14";"EM22-02";">5";"Line";"Transparent";"1"
"15";"EM22-02";">5";"Foam";"White";"2"
"16";"EM22-02";"2.5 - 5";"Fragment";"Black";"2"
"17";"EM22-02";"2.5 - 5";"Fragment";"green";"1"
"18";"EM22-02";"2.5 - 5";"Fragment";"White";"3"
"19";"EM22-02";"2.5 - 5";"Fragment";"Yellow";"1"
"20";"EM22-02";"2.5 - 5";"Fragment";"Transparent";"2"
"21";"EM22-02";"2.5 - 5";"Film";"Blue";"1"
"22";"EM22-02";"2.5 - 5";"Film";"White";"1"
"23";"EM22-02";"2.5 - 5";"Film";"Transparent";"4"
"24";"EM22-02";"2.5 - 5";"Line";"Green";"1"
"25";"EM22-02";"1 - 2.5";"Fragment";"Grey";"5"
"26";"EM22-02";"1 - 2.5";"Fragment";"Blue";"6"
"27";"EM22-02";"1 - 2.5";"Fragment";"green";"2"
"28";"EM22-02";"1 - 2.5";"Fragment";"White";"30"
"29";"EM22-02";"1 - 2.5";"Fragment";"Yellow";"2"
"30";"EM22-02";"1 - 2.5";"Fragment";"Orange";"2"
"31";"EM22-02";"1 - 2.5";"Fragment";"Transparent";"36"
"32";"EM22-02";"1 - 2.5";"Film";"Grey";"9"
"33";"EM22-02";"1 - 2.5";"Film";"Blue";"1"
"34";"EM22-02";"1 - 2.5";"Film";"White";"3"
"35";"EM22-02";"1 - 2.5";"Film";"Orange";"1"
"36";"EM22-02";"1 - 2.5";"Film";"Transparent";"22"
"37";"EM22-02";"1 - 2.5";"Line";"Orange";"1"
"38";"EM22-03";">5";"Fragment";"Green";"1"
"39";"EM22-03";">5";"Fragment";"Transparent";"1"
"40";"EM22-03";">5";"Film";"Transparent";"2"
"41";"EM22-03";">5";"Line";"White";"2"
"42";"EM22-03";"2.5 - 5";"Fragment";"Green";"1"
"43";"EM22-03";"2.5 - 5";"Fragment";"White";"4"
"44";"EM22-03";"2.5 - 5";"Fragment";"Transparent";"1"
"45";"EM22-03";"2.5 - 5";"Film";"Transparent";"3"
"46";"EM22-03";"1 - 2.5";"Fragment";"Black";"1"
"47";"EM22-03";"1 - 2.5";"Fragment";"Blue";"2"
"48";"EM22-03";"1 - 2.5";"Fragment";"White";"9"
"49";"EM22-03";"1 - 2.5";"Fragment";"Transparent";"4"
"50";"EM22-04";">5";"Fragment";"Green";"1"
"51";"EM22-04";">5";"Fragment";"White";"2"
"52";"EM22-04";">5";"Fragment";"Transparent";"2"
"53";"EM22-04";">5";"Film";"Transparent";"2"
"54";"EM22-04";">5";"Line";"White";"3"
"55";"EM22-04";">5";"Line";"Yellow";"1"
"56";"EM22-04";"2.5 - 5";"Fragment";"Transparent";"3"
"57";"EM22-04";"2.5 - 5";"Film";"Transparent";"4"
"58";"EM22-04";"2.5 - 5";"Line";"White";"1"
"59";"EM22-04";"1 - 2.5";"Fragment";"Black";"3"
"60";"EM22-04";"1 - 2.5";"Fragment";"Blue";"2"
"61";"EM22-04";"1 - 2.5";"Fragment";"Green";"1"
"62";"EM22-04";"1 - 2.5";"Fragment";"White";"8"
"63";"EM22-04";"1 - 2.5";"Fragment";"Yellow";"3"
"64";"EM22-04";"1 - 2.5";"Fragment";"Transparent";"12"
"65";"EM22-04";"1 - 2.5";"Film";"Transparent";"1"
"66";"EM22-04";"1 - 2.5";"Line";"White";"1"
"67";"EM22-05";">5";"Fragment";"Black";"3"
"68";"EM22-05";">5";"Fragment";"White";"10"
"69";"EM22-05";">5";"Fragment";"Orange";"1"
"70";"EM22-05";">5";"Fragment";"Transparent";"2"
"71";"EM22-05";">5";"Film";"Black";"1"
"72";"EM22-05";">5";"Film";"Blue";"1"
"73";"EM22-05";">5";"Film";"Green";"1"
"74";"EM22-05";">5";"Film";"White";"12"
"75";"EM22-05";">5";"Film";"Transparent";"38"
"76";"EM22-05";">5";"Line";"Black";"3"
"77";"EM22-05";">5";"Line";"Blue";"2"
"78";"EM22-05";">5";"Line";"green";"4"
"79";"EM22-05";">5";"Line";"White";"3"
"80";"EM22-05";">5";"Line";"Orange";"1"
"81";"EM22-05";">5";"Line";"Transparent";"3"
"82";"EM22-05";">5";"Line";"Multicolor";"1"
"83";"EM22-05";"2.5 - 5";"Fragment";"Black";"6"
"84";"EM22-05";"2.5 - 5";"Fragment";"Blue";"4"
"85";"EM22-05";"2.5 - 5";"Fragment";"White";"7"
"86";"EM22-05";"2.5 - 5";"Fragment";"Yellow";"1"
"87";"EM22-05";"2.5 - 5";"Fragment";"Transparent";"12"
"88";"EM22-05";"2.5 - 5";"Film";"Blue";"1"
"89";"EM22-05";"2.5 - 5";"Film";"White";"8"
"90";"EM22-05";"2.5 - 5";"Film";"Transparent";"47"
"91";"EM22-05";"2.5 - 5";"Line";"Blue";"1"
"92";"EM22-05";"2.5 - 5";"Line";"Green";"2"
"93";"EM22-05";"2.5 - 5";"Line";"White";"3"
"94";"EM22-05";"2.5 - 5";"Line";"Orange";"1"
"95";"EM22-05";"2.5 - 5";"Line";"Transparent";"3"
"96";"EM22-05";"2.5 - 5";"ESP";"White";"1"
"97";"EM22-05";"1 - 2.5";"Fragment";"Black";"14"
"98";"EM22-05";"1 - 2.5";"Fragment";"Blue";"5"
"99";"EM22-05";"1 - 2.5";"Fragment";"Green";"2"
"100";"EM22-05";"1 - 2.5";"Fragment";"White";"53"
"101";"EM22-05";"1 - 2.5";"Fragment";"Yellow";"2"
"102";"EM22-05";"1 - 2.5";"Fragment";"Orange";"1"
"103";"EM22-05";"1 - 2.5";"Fragment";"Transparent";"33"
"104";"EM22-05";"1 - 2.5";"Film";"Blue";"1"
"105";"EM22-05";"1 - 2.5";"Film";"White";"13"
"106";"EM22-05";"1 - 2.5";"Film";"Transparent";"40"
"107";"EM22-05";"1 - 2.5";"Film";"Multicolor";"1"
"108";"EM22-05";"1 - 2.5";"Line";"Black";"1"
"109";"EM22-05";"1 - 2.5";"Line";"Blue";"1"
"110";"EM22-05";"1 - 2.5";"Line";"Green";"1"
"111";"EM22-05";"1 - 2.5";"Line";"White";"1"
"112";"EM22-05";"1 - 2.5";"Line";"Transparent";"1"
"113";"EM22-06";">5";"Fragment";"White";"3"
"114";"EM22-06";">5";"Fragment";"Orange";"1"
"115";"EM22-06";">5";"Film";"Transparent";"5"
"116";"EM22-06";">5";"Line";"Blue";"1"
"117";"EM22-06";">5";"Line";"Transparent";"5"
"118";"EM22-06";"2.5 - 5";"Fragment";"Black";"3"
"119";"EM22-06";"2.5 - 5";"Fragment";"Green";"1"
"120";"EM22-06";"2.5 - 5";"Fragment";"White";"6"
"121";"EM22-06";"2.5 - 5";"Fragment";"Yellow";"2"
"122";"EM22-06";"2.5 - 5";"Fragment";"Transparent";"11"
"123";"EM22-06";"2.5 - 5";"Film";"Black";"2"
"124";"EM22-06";"2.5 - 5";"Film";"White";"1"
"125";"EM22-06";"2.5 - 5";"Film";"Yellow";"1"
"126";"EM22-06";"2.5 - 5";"Film";"Transparent";"6"
"127";"EM22-06";"2.5 - 5";"Line";"Black";"2"
"128";"EM22-06";"2.5 - 5";"Line";"Blue";"1"
"129";"EM22-06";"2.5 - 5";"Line";"Green";"3"
"130";"EM22-06";"2.5 - 5";"Line";"White";"1"
"131";"EM22-06";"2.5 - 5";"Line";"Transparent";"5"
"132";"EM22-06";"1 - 2.5";"Fragment";"Black";"29"
"133";"EM22-06";"1 - 2.5";"Fragment";"Blue";"16"
"134";"EM22-06";"1 - 2.5";"Fragment";"green";"1"
"135";"EM22-06";"1 - 2.5";"Fragment";"Brown";"5"
"136";"EM22-06";"1 - 2.5";"Fragment";"White";"53"
"137";"EM22-06";"1 - 2.5";"Fragment";"Yellow";"3"
"138";"EM22-06";"1 - 2.5";"Fragment";"Transparent";"126"
"139";"EM22-06";"1 - 2.5";"Film";"Black";"1"
"140";"EM22-06";"1 - 2.5";"Film";"White";"1"
"141";"EM22-06";"1 - 2.5";"Film";"Transparent";"8"
"142";"EM22-06";"1 - 2.5";"Line";"Blue";"2"
"143";"EM22-06";"1 - 2.5";"Line";"White";"3"
"144";"EM22-06";"1 - 2.5";"Line";"Transparent";"3"
"145";"EM22-06";"1 - 2.5";"ESP";"Black";"1"
"146";"EM22-06";"1 - 2.5";"ESP";"White";"2"
"147";"EM22-06";"1 - 2.5";"Pellet";"White";"1"
"148";"EM22-07";">5";"Fragment";"Black";"3"
"149";"EM22-07";">5";"Fragment";"White";"5"
"150";"EM22-07";">5";"Fragment";"Transparent";"1"
"151";"EM22-07";">5";"Film";"Black";"1"
"152";"EM22-07";">5";"Film";"White";"1"
"153";"EM22-07";">5";"Film";"Orange";"1"
"154";"EM22-07";"2,5 - 5";"Fragment";"Black";"3"
"155";"EM22-07";"2,5 - 5";"Fragment";"Green";"1"
"156";"EM22-07";"2,5 - 5";"Fragment";"Transparent";"7"
"157";"EM22-07";"2,5 - 5";"Film";"White";"1"
"158";"EM22-07";"2,5 - 5";"Film";"Transparent";"9"
"159";"EM22-07";"2,5 - 5";"Line";"Green";"2"
"160";"EM22-07";"1 - 2,5";"Fragment";"Black";"6"
"161";"EM22-07";"1 - 2,5";"Fragment";"Blue";"5"
"162";"EM22-07";"1 - 2,5";"Fragment";"Green";"1"
"163";"EM22-07";"1 - 2,5";"Fragment";"White";"27"
"164";"EM22-07";"1 - 2,5";"Fragment";"Orange";"1"
"165";"EM22-07";"1 - 2,5";"Fragment";"Transparent";"24"
"166";"EM22-07";"1 - 2,5";"Film";"Transparent";"3"
"167";"EM22-07";"1 - 2,5";"Line";"Transparent";"1"
"168";"EM22-08";">5";"Fragment";"Black";"1"
"169";"EM22-08";">5";"Fragment";"Blue";"1"
"170";"EM22-08";">5";"Fragment";"White";"5"
"171";"EM22-08";">5";"Fragment";"Transparent";"1"
"172";"EM22-08";">5";"Film";"White";"1"
"173";"EM22-08";">5";"Film";"Transparent";"3"
"174";"EM22-08";">5";"Line";"Black";"1"
"175";"EM22-08";">5";"Line";"Blue";"3"
"176";"EM22-08";">5";"Line";"Green";"4"
"177";"EM22-08";">5";"Line";"White";"5"
"178";"EM22-08";">5";"Line";"Transparent";"1"
"179";"EM22-08";"2,5 - 5";"Fragment";"Black";"1"
"180";"EM22-08";"2,5 - 5";"Fragment";"green";"2"
"181";"EM22-08";"2,5 - 5";"Fragment";"Brown";"2"
"182";"EM22-08";"2,5 - 5";"Fragment";"White";"7"
"183";"EM22-08";"2,5 - 5";"Fragment";"Transparent";"5"
"184";"EM22-08";"2,5 - 5";"Film";"White";"2"
"185";"EM22-08";"2,5 - 5";"Film";"Transparent";"4"
"186";"EM22-08";"2,5 - 5";"Line";"Black";"1"
"187";"EM22-08";"2,5 - 5";"Line";"Green";"1"
"188";"EM22-08";"2,5 - 5";"Line";"Transparent";"2"
"189";"EM22-08";"2,5 - 5";"Pellet";"Yellow";"1"
"190";"EM22-08";"2,5 - 5";"Pellet";"Transparent";"1"
"191";"EM22-08";"1 - 2,5";"Fragment";"Black";"9"
"192";"EM22-08";"1 - 2,5";"Fragment";"Blue";"12"
"193";"EM22-08";"1 - 2,5";"Fragment";"Green";"7"
"194";"EM22-08";"1 - 2,5";"Fragment";"Brown";"1"
"195";"EM22-08";"1 - 2,5";"Fragment";"White";"30"
"196";"EM22-08";"1 - 2,5";"Fragment";"Orange";"1"
"197";"EM22-08";"1 - 2,5";"Fragment";"Transparent";"30"
"198";"EM22-08";"1 - 2,5";"Film";"Blue";"2"
"199";"EM22-08";"1 - 2,5";"Film";"White";"1"
"200";"EM22-08";"1 - 2,5";"Film";"Transparent";"6"
"201";"EM22-08";"1 - 2,5";"Line";"Black";"1"
"202";"EM22-08";"1 - 2,5";"Line";"Blue";"2"
"203";"EM22-08";"1 - 2,5";"Line";"White";"4"
"204";"EM22-08";"1 - 2,5";"Line";"Transparent";"1"
"205";"EM22-08";"1 - 2,5";"ESP";"White";"1"
"206";"EM22-09";">5";"Fragment";"Orange";"1"
"207";"EM22-09";">5";"Fragment";"Transparent";"1"
"208";"EM22-09";">5";"Film";"White";"1"
"209";"EM22-09";">5";"Film";"Transparent";"3"
"210";"EM22-09";">5";"Line";"Blue";"1"
"211";"EM22-09";">5";"Line";"Green";"1"
"212";"EM22-09";">5";"Line";"White";"1"
"213";"EM22-09";">5";"Line";"Transparent";"1"
"214";"EM22-09";"2,5 - 5";"Fragment";"Black";"3"
"215";"EM22-09";"2,5 - 5";"Fragment";"Brown";"1"
"216";"EM22-09";"2,5 - 5";"Fragment";"White";"1"
"217";"EM22-09";"2,5 - 5";"Fragment";"Transparent";"2"
"218";"EM22-09";"2,5 - 5";"Film";"Transparent";"5"
"219";"EM22-09";"2,5 - 5";"Line";"Black";"1"
"220";"EM22-09";"2,5 - 5";"Line";"green";"1"
"221";"EM22-09";"2,5 - 5";"Line";"White";"1"
"222";"EM22-09";"1 - 2,5";"Fragment";"Black";"4"
"223";"EM22-09";"1 - 2,5";"Fragment";"Blue";"6"
"224";"EM22-09";"1 - 2,5";"Fragment";"Green";"1"
"225";"EM22-09";"1 - 2,5";"Fragment";"White";"8"
"226";"EM22-09";"1 - 2,5";"Fragment";"Yellow";"1"
"227";"EM22-09";"1 - 2,5";"Fragment";"Orange";"1"
"228";"EM22-09";"1 - 2,5";"Fragment";"Transparent";"17"
"229";"EM22-09";"1 - 2,5";"Film";"Transparent";"4"
"230";"EM22-09";"1 - 2,5";"Line";"Blue";"1"
"231";"EM22-09";"1 - 2,5";"Line";"Transparent";"1"
"232";"EM22-10";"> 5";"Film";"Transparent";"5"
"233";"EM22-10";"2.5 - 5";"Fragment";"Black";"1"
"234";"EM22-10";"2.5 - 5";"Fragment";"White";"1"
"235";"EM22-10";"2.5 - 5";"Fragment";"Yellow";"1"
"236";"EM22-10";"2.5 - 5";"Film";"Transparent";"6"
"237";"EM22-10";"2.5 - 5";"Line";"Transparent";"1"
"238";"EM22-10";"1 - 2.5";"Fragment";"Black";"1"
"239";"EM22-10";"1 - 2.5";"Fragment";"Blue";"1"
"240";"EM22-10";"1 - 2.5";"Fragment";"White";"3"
"241";"EM22-10";"1 - 2.5";"Fragment";"Transparent";"2"
"242";"EM22-10";"1 - 2.5";"Fragment";"Pink";"1"
"243";"EM22-10";"1 - 2.5";"Film";"Transparent";"3"
"244";"EM22-10";"1 - 2.5";"Line";"Black";"1"
"245";"EM22-10";"1 - 2.5";"Line";"Transparent";"3"
"246";"EM22-11";"> 5";"Fragment";"Transparent";"2"
"247";"EM22-11";"> 5";"Film";"White";"1"
"248";"EM22-11";"> 5";"Line";"Black";"2"
"249";"EM22-11";"> 5";"Line";"Blue";"1"
"250";"EM22-11";"> 5";"Line";"Transparent";"1"
"251";"EM22-11";"2.5 - 5";"Fragment";"Transparent";"1"
"252";"EM22-11";"2.5 - 5";"Film";"White";"1"
"253";"EM22-11";"1 - 2.5";"Fragment";"Black";"2"
"254";"EM22-11";"1 - 2.5";"Fragment";"Green";"1"
"255";"EM22-11";"1 - 2.5";"Fragment";"White";"5"
"256";"EM22-11";"1 - 2.5";"Fragment";"Yellow";"1"
"257";"EM22-11";"1 - 2.5";"Fragment";"Transparent";"3"
"258";"EM22-11";"1 - 2.5";"Film";"White";"1"
"259";"EM22-11";"1 - 2.5";"Film";"Transparent";"2"
"260";"EM22-11";"1 - 2.5";"Line";"Blue";"3"
"261";"EM22-11";"1 - 2.5";"Line";"White";"1"
"262";"EM22-11";"1 - 2.5";"Line";"Transparent";"4"
"263";"EM22-12";">5";"Line";"Black";"1"
"264";"EM22-12";">5";"Line";"Blue";"2"
"265";"EM22-12";">5";"Line";"Green";"1"
"266";"EM22-12";">5";"Line";"White";"1"
"267";"EM22-12";">5";"Line";"Transparent";"7"
"268";"EM22-12";">5";"Fragment";"Transparent";"17"
"269";"EM22-12";">5";"Fragment";"White";"3"
"270";"EM22-12";">5";"Film";"Transparent";"12"
"271";"EM22-12";">5";"Pellet";"White";"1"
"272";"EM22-12";"2.5 - 5";"Fragment";"Black";"4"
"273";"EM22-12";"2.5 - 5";"Fragment";"Blue";"3"
"274";"EM22-12";"2.5 - 5";"Fragment";"Green";"3"
"275";"EM22-12";"2.5 - 5";"Fragment";"White";"9"
"276";"EM22-12";"2.5 - 5";"Fragment";"Orange";"1"
"277";"EM22-12";"2.5 - 5";"Fragment";"Transparent";"28"
"278";"EM22-12";"2.5 - 5";"Film";"White";"2"
"279";"EM22-12";"2.5 - 5";"Film";"Orange";"1"
"280";"EM22-12";"2.5 - 5";"Film";"Transparent";"36"
"281";"EM22-12";"2.5 - 5";"Line";"Green";"2"
"282";"EM22-12";"2.5 - 5";"Line";"White";"5"
"283";"EM22-12";"2.5 - 5";"Line";"Transparent";"3"
"284";"EM22-12";"2.5 - 5";"Pellet";"White";"1"
"285";"EM22-12";"1 - 2.5";"Fragment";"Black";"24"
"286";"EM22-12";"1 - 2.5";"Fragment";"Blue";"17"
"287";"EM22-12";"1 - 2.5";"Fragment";"Green";"9"
"288";"EM22-12";"1 - 2.5";"Fragment";"White";"58"
"289";"EM22-12";"1 - 2.5";"Fragment";"Yellow";"7"
"290";"EM22-12";"1 - 2.5";"Fragment";"Orange";"7"
"291";"EM22-12";"1 - 2.5";"Fragment";"Transparent";"115"
"292";"EM22-12";"1 - 2.5";"Film";"Blue";"1"
"293";"EM22-12";"1 - 2.5";"Film";"White";"1"
"294";"EM22-12";"1 - 2.5";"Film";"Transparent";"28"
"295";"EM22-12";"1 - 2.5";"Line";"Blue";"1"
"296";"EM22-12";"1 - 2.5";"Line";"Green";"2"
"297";"EM22-12";"1 - 2.5";"Line";"White";"4"
"298";"EM22-12";"1 - 2.5";"Line";"Yellow";"2"
"299";"EM22-12";"1 - 2.5";"Line";"Transparent";"8"
"300";"EM22-13";"> 5";"Fragment";"Black";"1"
"301";"EM22-13";"> 5";"Fragment";"Blue";"2"
"302";"EM22-13";"> 5";"Fragment";"Green";"1"
"303";"EM22-13";"> 5";"Fragment";"White";"4"
"304";"EM22-13";"> 5";"Fragment";"Transparent";"5"
"305";"EM22-13";"> 5";"Film";"Blue";"1"
"306";"EM22-13";"> 5";"Film";"White";"1"
"307";"EM22-13";"> 5";"Film";"Transparent";"19"
"308";"EM22-13";"> 5";"Line";"Black";"2"
"309";"EM22-13";"> 5";"Line";"Blue";"1"
"310";"EM22-13";"> 5";"Line";"Green";"7"
"311";"EM22-13";"> 5";"Line";"Orange";"2"
"312";"EM22-13";"> 5";"Line";"Transparent";"8"
"313";"EM22-13";"2.5 - 5";"Fragment";"Black";"8"
"314";"EM22-13";"2.5 - 5";"Fragment";"Blue";"2"
"315";"EM22-13";"2.5 - 5";"Fragment";"green";"3"
"316";"EM22-13";"2.5 - 5";"Fragment";"White";"17"
"317";"EM22-13";"2.5 - 5";"Fragment";"Transparent";"31"
"318";"EM22-13";"2.5 - 5";"Film";"Black";"2"
"319";"EM22-13";"2.5 - 5";"Film";"Transparent";"34"
"320";"EM22-13";"2.5 - 5";"Line";"Black";"3"
"321";"EM22-13";"2.5 - 5";"Line";"green";"18"
"322";"EM22-13";"2.5 - 5";"Line";"White";"1"
"323";"EM22-13";"2.5 - 5";"Line";"Transparent";"3"
"324";"EM22-13";"1 - 2.5";"Fragment";"Black";"35"
"325";"EM22-13";"1 - 2.5";"Fragment";"Blue";"16"
"326";"EM22-13";"1 - 2.5";"Fragment";"Green";"6"
"327";"EM22-13";"1 - 2.5";"Fragment";"White";"92"
"328";"EM22-13";"1 - 2.5";"Fragment";"Yellow";"5"
"329";"EM22-13";"1 - 2.5";"Fragment";"Orange";"5"
"330";"EM22-13";"1 - 2.5";"Fragment";"Transparent";"123"
"331";"EM22-13";"1 - 2.5";"Film";"Black";"6"
"332";"EM22-13";"1 - 2.5";"Film";"Blue";"1"
"333";"EM22-13";"1 - 2.5";"Film";"Green";"1"
"334";"EM22-13";"1 - 2.5";"Film";"White";"5"
"335";"EM22-13";"1 - 2.5";"Film";"Yellow";"1"
"336";"EM22-13";"1 - 2.5";"Film";"Transparent";"57"
"337";"EM22-13";"1 - 2.5";"Line";"Black";"2"
"338";"EM22-13";"1 - 2.5";"Line";"Blue";"5"
"339";"EM22-13";"1 - 2.5";"Line";"green";"1"
"340";"EM22-13";"1 - 2.5";"Line";"White";"1"
"341";"EM22-13";"1 - 2.5";"Line";"Orange";"1"
"342";"EM22-13";"1 - 2.5";"Line";"Transparent";"5"
"343";"EM22-13";"1 - 2.5";"Pellet";"Transparent";"1"
"344";"EM22-15";"> 5";"Fragment";"White";"1"
"345";"EM22-15";"> 5";"Film";"Transparent";"3"
"346";"EM22-15";"2.5 - 5 ";"Fragment";"Orange";"1"
"347";"EM22-15";"2.5 - 5 ";"Film";"Transparent";"3"
"348";"EM22-15";"2.5 - 5 ";"Line";"Green";"1"
"349";"EM22-15";"2.5 - 5 ";"Line";"Transparent";"1"
"350";"EM22-15";"1 - 2.5";"Fragment";"Black";"4"
"351";"EM22-15";"1 - 2.5";"Fragment";"Blue";"1"
"352";"EM22-15";"1 - 2.5";"Fragment";"White";"3"
"353";"EM22-15";"1 - 2.5";"Fragment";"Transparent";"3"
"354";"EM22-15";"1 - 2.5";"Film";"Transparent";"2"
"355";"EM22-15";"1 - 2.5";"Line";"Blue";"1"
"356";"EM22-16";"> 5";"Fragment";"White";"1"
"357";"EM22-16";"> 5";"Film";"Transparent";"3"
"358";"EM22-16";"2.5 - 5";"Fragment";"Green";"2"
"359";"EM22-16";"2.5 - 5";"Fragment";"White";"2"
"360";"EM22-16";"2.5 - 5";"Fragment";"Transparent";"1"
"361";"EM22-16";"2.5 - 5";"Film";"Transparent";"1"
"362";"EM22-16";"1 - 2.5";"Fragment";"Black";"5"
"363";"EM22-16";"1 - 2.5";"Fragment";"Blue";"1"
"364";"EM22-16";"1 - 2.5";"Fragment";"White";"6"
"365";"EM22-16";"1 - 2.5";"Fragment";"Orange";"2"
"366";"EM22-16";"1 - 2.5";"Fragment";"Transparent";"12"
"367";"EM22-16";"1 - 2.5";"Film";"White";"1"
"368";"EM22-16";"1 - 2.5";"Film";"Line";"1"
"369";"EM22-16";"1 - 2.5";"Film";"Transparent";"1"
"370";"EM22-16";"1 - 2.5";"ESP";"White";"2"
"371";"EM22-17";"> 5";"Fragment";"Black";"1"
"372";"EM22-17";"> 5";"Fragment";"Blue";"1"
"373";"EM22-17";"> 5";"Fragment";"White";"3"
"374";"EM22-17";"> 5";"Film";"Black";"2"
"375";"EM22-17";"> 5";"Film";"Green";"2"
"376";"EM22-17";"> 5";"Film";"White";"4"
"377";"EM22-17";"> 5";"Film";"Transparent";"10"
"378";"EM22-17";"> 5";"Line";"Black";"2"
"379";"EM22-17";"> 5";"Line";"Green";"2"
"380";"EM22-17";"> 5";"Line";"White";"4"
"381";"EM22-17";"> 5";"Line";"Orange";"1"
"382";"EM22-17";"> 5";"Line";"Transparent";"3"
"383";"EM22-17";"2.5 - 5";"Fragment";"Blue";"2"
"384";"EM22-17";"2.5 - 5";"Fragment";"Green";"1"
"385";"EM22-17";"2.5 - 5";"Fragment";"White";"6"
"386";"EM22-17";"2.5 - 5";"Fragment";"Transparent";"4"
"387";"EM22-17";"2.5 - 5";"Film";"White";"2"
"388";"EM22-17";"2.5 - 5";"Film";"Orange";"1"
"389";"EM22-17";"2.5 - 5";"Film";"Transparent";"10"
"390";"EM22-17";"2.5 - 5";"ESP";"White";"1"
"391";"EM22-17";"1 - 2.5";"Fragment";"Black";"6"
"392";"EM22-17";"1 - 2.5";"Fragment";"Blue";"9"
"393";"EM22-17";"1 - 2.5";"Fragment";"Green";"9"
"394";"EM22-17";"1 - 2.5";"Fragment";"White";"32"
"395";"EM22-17";"1 - 2.5";"Fragment";"Yellow";"2"
"396";"EM22-17";"1 - 2.5";"Fragment";"Orange";"5"
"397";"EM22-17";"1 - 2.5";"Fragment";"Transparent";"38"
"398";"EM22-17";"1 - 2.5";"Film";"Green";"1"
"399";"EM22-17";"1 - 2.5";"Film";"White";"2"
"400";"EM22-17";"1 - 2.5";"Film";"Transparent";"12"
"401";"EM22-17";"1 - 2.5";"Line";"Blue";"1"
"402";"EM22-17";"1 - 2.5";"Line";"White";"1"
"403";"EM22-17";"1 - 2.5";"ESP";"White";"1"
"404";"EM22-18";"> 5";"Film";"White";"1"
"405";"EM22-18";"> 5";"Film";"Transparent";"1"
"406";"EM22-18";"2.5 - 5";"Fragment";"Black";"1"
"407";"EM22-18";"2.5 - 5";"Fragment";"White";"1"
"408";"EM22-18";"2.5 - 5";"Fragment";"Transparent";"2"
"409";"EM22-18";"2.5 - 5";"Film";"White";"1"
"410";"EM22-18";"2.5 - 5";"Film";"Orange";"1"
"411";"EM22-18";"2.5 - 5";"Line";"White";"1"
"412";"EM22-18";"2.5 - 5";"ESP";"White";"1"
"413";"EM22-18";"1 - 2.5";"Fragment";"Black";"7"
"414";"EM22-18";"1 - 2.5";"Fragment";"White";"12"
"415";"EM22-18";"1 - 2.5";"Fragment";"Transparent";"5"
"416";"EM22-18";"1 - 2.5";"Fragment";"Multicolor";"1"
"417";"EM22-18";"1 - 2.5";"Film";"White";"1"
"418";"EM22-18";"1 - 2.5";"Film";"Transparent";"3"
"419";"EM22-18";"1 - 2.5";"Line";"White";"1"
"420";"EM22-18";"1 - 2.5";"ESP";"White";"10"
"421";"EM22-19";"> 5";"Fragment";"Bleu";"1"
"422";"EM22-19";"> 5";"Fragment";"White";"1"
"423";"EM22-19";"> 5";"Film";"Transparent";"1"
"424";"EM22-19";"> 5";"Line";"Green";"1"
"425";"EM22-19";"> 5";"Line";"Transparent";"1"
"426";"EM22-19";"2.5 - 5";"Fragment";"Black";"1"
"427";"EM22-19";"2.5 - 5";"Fragment";"Blue";"1"
"428";"EM22-19";"2.5 - 5";"Fragment";"White";"5"
"429";"EM22-19";"2.5 - 5";"Fragment";"Transparent";"9"
"430";"EM22-19";"2.5 - 5";"Film";"White";"1"
"431";"EM22-19";"2.5 - 5";"Film";"Transparent";"5"
"432";"EM22-19";"2.5 - 5";"Line";"Blue";"1"
"433";"EM22-19";"2.5 - 5";"Line";"White";"2"
"434";"EM22-19";"2.5 - 5";"Line";"Orange";"1"
"435";"EM22-19";"2.5 - 5";"ESP";"Black";"1"
"436";"EM22-19";"1 - 2.5";"Fragment";"Black";"27"
"437";"EM22-19";"1 - 2.5";"Fragment";"Blue";"3"
"438";"EM22-19";"1 - 2.5";"Fragment";"Green";"1"
"439";"EM22-19";"1 - 2.5";"Fragment";"Brown";"2"
"440";"EM22-19";"1 - 2.5";"Fragment";"White";"38"
"441";"EM22-19";"1 - 2.5";"Fragment";"Yellow";"3"
"442";"EM22-19";"1 - 2.5";"Fragment";"Orange";"3"
"443";"EM22-19";"1 - 2.5";"Fragment";"Transparent";"56"
"444";"EM22-19";"1 - 2.5";"Fragment";"Multicolor";"2"
"445";"EM22-19";"1 - 2.5";"Film";"White";"1"
"446";"EM22-19";"1 - 2.5";"Film";"Transparent";"4"
"447";"EM22-19";"1 - 2.5";"Line";"Green";"3"
"448";"EM22-19";"1 - 2.5";"Line";"Transparent";"4"
"449";"EM22-20";"> 5";"Line";"Black";"1"
"450";"EM22-20";"> 5";"Line";"Blue";"1"
"451";"EM22-20";"2.5 - 5";"Fragment";"Black";"1"
"452";"EM22-20";"2.5 - 5";"Fragment";"Green";"1"
"453";"EM22-20";"2.5 - 5";"Line";"Transparent";"1"
"454";"EM22-20";"1 - 2.5";"Fragment";"Black";"2"
"455";"EM22-20";"1 - 2.5";"Fragment";"White";"5"
"456";"EM22-20";"1 - 2.5";"Line";"Blue";"1"
"457";"EM22-20";"1 - 2.5";"Line";"Transparent";"1"
"458";"EM22-21";"> 5";"Film";"yellow";"1"
"459";"EM22-21";"> 5";"Film";"Transparent";"1"
"460";"EM22-21";"> 5";"Line";"Blue";"1"
"461";"EM22-21";"2.5 - 5";"Fragment";"Blue";"2"
"462";"EM22-21";"2.5 - 5";"Fragment";"White";"2"
"463";"EM22-21";"2.5 - 5";"Film";"Orange";"1"
"464";"EM22-21";"1 - 2.5";"Fragment";"Black";"1"
"465";"EM22-21";"1 - 2.5";"Fragment";"Brown";"2"
"466";"EM22-21";"1 - 2.5";"Fragment";"WHite";"7"
"467";"EM22-21";"1 - 2.5";"Film";"Transparent";"1"
"468";"EM22-22";"> 5";"Fragment";"Blue";"1"
"469";"EM22-22";"> 5";"Fragment";"White";"1"
"470";"EM22-22";"> 5";"Fragment";"Transparent";"1"
"471";"EM22-22";"> 5";"Film";"Transparent";"2"
"472";"EM22-22";"> 5";"Line";"Green";"1"
"473";"EM22-22";"> 5";"Line";"White";"1"
"474";"EM22-22";"> 5";"Line";"Transparent";"1"
"475";"EM22-22";"2.5 - 5";"Fragment";"Black";"8"
"476";"EM22-22";"2.5 - 5";"Fragment";"Green";"1"
"477";"EM22-22";"2.5 - 5";"Fragment";"White";"6"
"478";"EM22-22";"2.5 - 5";"Fragment";"Transparent";"1"
"479";"EM22-22";"2.5 - 5";"Fragment";"Multicolor";"1"
"480";"EM22-22";"2.5 - 5";"Film";"Transparent";"7"
"481";"EM22-22";"2.5 - 5";"Pellet";"Transparent";"1"
"482";"EM22-22";"1 - 2.5";"Fragment";"Black";"11"
"483";"EM22-22";"1 - 2.5";"Fragment";"Blue";"8"
"484";"EM22-22";"1 - 2.5";"Fragment";"Green";"3"
"485";"EM22-22";"1 - 2.5";"Fragment";"White";"35"
"486";"EM22-22";"1 - 2.5";"Fragment";"Transparent";"36"
"487";"EM22-22";"1 - 2.5";"Fragment";"Multicolor";"1"
"488";"EM22-22";"1 - 2.5";"Film";"Transparent";"2"
"489";"EM22-22";"1 - 2.5";"Line";"Transparent";"1"
"490";"EM22-23";"> 5";"Fragment";"Black";"1"
"491";"EM22-23";"> 5";"Fragment";"Blue";"1"
"492";"EM22-23";"> 5";"Fragment";"Green";"1"
"493";"EM22-23";"> 5";"Fragment";"White";"10"
"494";"EM22-23";"> 5";"Fragment";"Transparent";"2"
"495";"EM22-23";"> 5";"Film";"Black";"1"
"496";"EM22-23";"> 5";"Film";"Blue";"2"
"497";"EM22-23";"> 5";"Film";"White";"4"
"498";"EM22-23";"> 5";"Film";"Yellow";"1"
"499";"EM22-23";"> 5";"Film";"Transparent";"10"
"500";"EM22-23";"> 5";"Line";"Blue";"1"
"501";"EM22-23";"> 5";"Line";"White";"3"
"502";"EM22-23";"> 5";"Line";"Yellow";"1"
"503";"EM22-23";"> 5";"Line";"Transparent";"3"
"504";"EM22-23";"2.5 - 5";"Fragment";"Black";"2"
"505";"EM22-23";"2.5 - 5";"Fragment";"Blue";"3"
"506";"EM22-23";"2.5 - 5";"Fragment";"Green";"1"
"507";"EM22-23";"2.5 - 5";"Fragment";"White";"6"
"508";"EM22-23";"2.5 - 5";"Fragment";"Transparent";"25"
"509";"EM22-23";"2.5 - 5";"Film";"Transparent";"4"
"510";"EM22-23";"2.5 - 5";"Film";"Multicolor";"1"
"511";"EM22-23";"2.5 - 5";"Line";"White";"1"
"512";"EM22-23";"2.5 - 5";"ESP";"White";"2"
"513";"EM22-23";"2.5 - 5";"Pellet";"White";"2"
"514";"EM22-23";"1 - 2.5";"Fragment";"Black";"8"
"515";"EM22-23";"1 - 2.5";"Fragment";"Blue";"1"
"516";"EM22-23";"1 - 2.5";"Fragment";"Green";"2"
"517";"EM22-23";"1 - 2.5";"Fragment";"White";"25"
"518";"EM22-23";"1 - 2.5";"Fragment";"Yellow";"1"
"519";"EM22-23";"1 - 2.5";"Fragment";"Transparent";"69"
"520";"EM22-23";"1 - 2.5";"Fragment";"Multicolor";"4"
"521";"EM22-23";"1 - 2.5";"Film";"Black";"1"
"522";"EM22-23";"1 - 2.5";"Film";"Transparent";"3"
"523";"EM22-23";"1 - 2.5";"Line";"Transparent";"1"
"524";"EM22-23";"1 - 2.5";"ESP";"White";"1"
"525";"EM22-24";"> 5";"Fragment";"White";"1"
"526";"EM22-24";"> 5";"Fragment";"Transparent";"1"
"527";"EM22-24";"> 5";"Line";"Orange";"1"
"528";"EM22-24";"> 5";"Line";"Transparent";"2"
"529";"EM22-24";"2.5 - 5";"Fragment";"Green";"1"
"530";"EM22-24";"2.5 - 5";"Fragment";"White";"2"
"531";"EM22-24";"2.5 - 5";"Fragment";"Transparent";"2"
"532";"EM22-24";"2.5 - 5";"Line";"Grey";"1"
"533";"EM22-24";"1 - 2.5";"Fragment";"Blue";"1"
"534";"EM22-24";"1 - 2.5";"Fragment";"Green";"1"
"535";"EM22-24";"1 - 2.5";"Fragment";"Brown";"1"
"536";"EM22-24";"1 - 2.5";"Fragment";"White";"1"
"537";"EM22-24";"1 - 2.5";"Fragment";"Yellow";"1"
"538";"EM22-24";"1 - 2.5";"Fragment";"Transparent";"14"
"539";"EM22-24";"1 - 2.5";"Fragment";"Multicolore";"2"
"540";"EM22-24";"1 - 2.5";"Film";"Transparent";"1"
"541";"EM22-24";"1 - 2.5";"Line";"White";"1"
"542";"EM22-24";"1 - 2.5";"ESP";"White";"1"
"543";"EM22-25";"> 5";"Fragment";"Black/grey";"2"
"544";"EM22-25";"> 5";"Fragment";"White";"1"
"545";"EM22-25";"> 5";"Fragment";"Transparent";"1"
"546";"EM22-25";"> 5";"Film";"Transparent";"16"
"547";"EM22-25";"> 5";"Line";"Blue";"1"
"548";"EM22-25";"> 5";"Line";"White";"1"
"549";"EM22-25";"2.5 - 5";"Fragment";"Black/grey";"9"
"550";"EM22-25";"2.5 - 5";"Fragment";"Green";"1"
"551";"EM22-25";"2.5 - 5";"Fragment";"White";"4"
"552";"EM22-25";"2.5 - 5";"Fragment";"Transparent";"8"
"553";"EM22-25";"2.5 - 5";"Film";"Transparent";"11"
"554";"EM22-25";"2.5 - 5";"Line";"Green";"2"
"555";"EM22-25";"2.5 - 5";"Line";"Yellow";"1"
"556";"EM22-25";"1 - 2.5";"Fragment";"Black/grey";"21"
"557";"EM22-25";"1 - 2.5";"Fragment";"Blue";"7"
"558";"EM22-25";"1 - 2.5";"Fragment";"Green";"8"
"559";"EM22-25";"1 - 2.5";"Fragment";"Brown";"1"
"560";"EM22-25";"1 - 2.5";"Fragment";"White";"32"
"561";"EM22-25";"1 - 2.5";"Fragment";"Yellow";"1"
"562";"EM22-25";"1 - 2.5";"Fragment";"Orange";"1"
"563";"EM22-25";"1 - 2.5";"Fragment";"Transparent";"71"
"564";"EM22-25";"1 - 2.5";"Film";"Black/grey";"1"
"565";"EM22-25";"1 - 2.5";"Film";"White";"3"
"566";"EM22-25";"1 - 2.5";"Film";"Transparent";"20"
"567";"EM22-25";"1 - 2.5";"Line";"Blue";"1"
"568";"EM22-25";"1 - 2.5";"Line";"Green";"1"
"569";"EM22-25";"1 - 2.5";"Line";"Orange";"1"
"570";"EM22-25";"1 - 2.5";"Line";"Transparent";"4"
"571";"EM22-26";"> 5";"Fragment";"White";"1"
"572";"EM22-26";"> 5";"Film";"White";"3"
"573";"EM22-26";"> 5";"Film";"Transparent";"1"
"574";"EM22-26";"2.5 - 5";"Fragment";"Black";"1"
"575";"EM22-26";"2.5 - 5";"Fragment";"Blue";"1"
"576";"EM22-26";"2.5 - 5";"Fragment";"White";"5"
"577";"EM22-26";"2.5 - 5";"Fragment";"Transparent";"2"
"578";"EM22-26";"2.5 - 5";"Film";"White";"1"
"579";"EM22-26";"2.5 - 5";"Film";"Transparent";"1"
"580";"EM22-26";"2.5 - 5";"Pellet";"White";"1"
"581";"EM22-26";"1 - 2.5";"Fragment";"Black";"1"
"582";"EM22-26";"1 - 2.5";"Fragment";"Blue";"1"
"583";"EM22-26";"1 - 2.5";"Fragment";"White";"6"
"584";"EM22-26";"1 - 2.5";"Fragment";"Yellow";"1"
"585";"EM22-26";"1 - 2.5";"Fragment";"Orange";"1"
"586";"EM22-26";"1 - 2.5";"Fragment";"Transparent";"9"
"587";"EM22-26";"1 - 2.5";"Film";"Transparent";"1"
"588";"EM22-27";">5";"Fragment";"Orange";"1"
"589";"EM22-27";">5";"Fragment";"Transparent";"1"
"590";"EM22-27";">5";"Line";"blue";"1"
"591";"EM22-27";">5";"Line";"white";"1"
"592";"EM22-27";"2.5 - 5";"Fragment";"green";"1"
"593";"EM22-27";"2.5 - 5";"Fragment";"white";"3"
"594";"EM22-27";"2.5 - 5";"Fragment";"Transparent";"2"
"595";"EM22-27";"2.5 - 5";"Line";"blue";"1"
"596";"EM22-27";"2.5 - 5";"Line";"white";"2"
"597";"EM22-27";"1 - 2.5";"Fragment";"black";"16"
"598";"EM22-27";"1 - 2.5";"Fragment";"blue";"9"
"599";"EM22-27";"1 - 2.5";"Fragment";"green";"1"
"600";"EM22-27";"1 - 2.5";"Fragment";"brown";"1"
"601";"EM22-27";"1 - 2.5";"Fragment";"white";"20"
"602";"EM22-27";"1 - 2.5";"Fragment";"Yellow";"1"
"603";"EM22-27";"1 - 2.5";"Fragment";"Orange";"1"
"604";"EM22-27";"1 - 2.5";"Fragment";"Transparent";"15"
"605";"EM22-27";"1 - 2.5";"film";"blue";"1"
"606";"EM22-27";"1 - 2.5";"film";"Transparent";"8"
"607";"EM22-27";"1 - 2.5";"Line";"blue";"5"
"608";"EM22-27";"1 - 2.5";"Line";"green";"1"
"609";"EM22-27";"1 - 2.5";"Line";"white";"1"
"610";"EM22-28";">5";"Fragment";"black";"1"
"611";"EM22-28";">5";"film";"black";"2"
"612";"EM22-28";">5";"film";"Transparent";"2"
"613";"EM22-28";">5";"Line";"Transparent";"3"
"614";"EM22-28";"2.5 - 5";"Fragment";"black";"4"
"615";"EM22-28";"2.5 - 5";"Fragment";"green";"1"
"616";"EM22-28";"2.5 - 5";"film";"black";"1"
"617";"EM22-28";"2.5 - 5";"film";"Transparent";"5"
"618";"EM22-28";"2.5 - 5";"line";"white";"2"
"619";"EM22-28";"2.5 - 5";"Line";"Transparent";"8"
"620";"EM22-28";"1 - 2.5";"Fragment";"black";"12"
"621";"EM22-28";"1 - 2.5";"Fragment";"Green";"1"
"622";"EM22-28";"1 - 2.5";"Fragment";"brown";"1"
"623";"EM22-28";"1 - 2.5";"Fragment";"white";"7"
"624";"EM22-28";"1 - 2.5";"Fragment";"Transparent";"4"
"625";"EM22-28";"1 - 2.5";"Film";"black";"1"
"626";"EM22-28";"1 - 2.5";"Film";"white";"4"
"627";"EM22-28";"1 - 2.5";"Film";"Transparent";"5"
"628";"EM22-28";"1 - 2.5";"Line";"black";"3"
"629";"EM22-28";"1 - 2.5";"Line";"green";"4"
"630";"EM22-28";"1 - 2.5";"Line";"brown";"1"
"631";"EM22-28";"1 - 2.5";"Line";"white";"4"
"632";"EM22-28";"1 - 2.5";"Line";"Transparent";"6"
"633";"EM22-29";"> 5";"Fragment";"white";"7"
"634";"EM22-29";"> 5";"Fragment";"Transparent";"1"
"635";"EM22-29";"> 5";"Line";"black";"2"
"636";"EM22-29";"> 5";"Line";"White";"2"
"637";"EM22-29";"> 5";"Line";"Transparent";"3"
"638";"EM22-29";"2.5 - 5";"Fragment";"white";"2"
"639";"EM22-29";"2.5 - 5";"Fragment";"orange";"1"
"640";"EM22-29";"2.5 - 5";"film";"black";"1"
"641";"EM22-29";"2.5 - 5";"film";"blue";"1"
"642";"EM22-29";"2.5 - 5";"film";"white";"1"
"643";"EM22-29";"2.5 - 5";"film";"Transparent";"4"
"644";"EM22-29";"2.5 - 5";"line";"black";"1"
"645";"EM22-29";"2.5 - 5";"line";"green";"2"
"646";"EM22-29";"2.5 - 5";"line";"orange";"3"
"647";"EM22-29";"2.5 - 5";"line";"Transparent";"1"
"648";"EM22-29";"2.5 - 5";"ESP";"white";"7"
"649";"EM22-29";"1 - 2.5";"Fragment";"black";"1"
"650";"EM22-29";"1 - 2.5";"Fragment";"blue";"3"
"651";"EM22-29";"1 - 2.5";"Fragment";"white";"10"
"652";"EM22-29";"1 - 2.5";"Fragment";"orange";"2"
"653";"EM22-29";"1 - 2.5";"Fragment";"Transparent";"3"
"654";"EM22-29";"1 - 2.5";"Film";"black";"1"
"655";"EM22-29";"1 - 2.5";"Film";"white";"3"
"656";"EM22-29";"1 - 2.5";"Film";"Transparent";"16"
"657";"EM22-29";"1 - 2.5";"line";"green";"3"
"658";"EM22-29";"1 - 2.5";"line";"white";"1"
"659";"EM22-29";"1 - 2.5";"line";"Yellow";"1"
"660";"EM22-29";"1 - 2.5";"ESP";"white";"9"
"661";"EM22-30";"> 5";"Fragment";"white";"1"
"662";"EM22-30";"> 5";"Line";"blue";"1"
"663";"EM22-30";"2.5 - 5";"Fragment";"white";"1"
"664";"EM22-30";"2.5 - 5";"Film";"black";"1"
"665";"EM22-30";"2.5 - 5";"Film";"Transparent";"1"
"666";"EM22-30";"2.5 - 5";"Line";"black";"1"
"667";"EM22-30";"1 - 2.5";"Fragment";"black";"5"
"668";"EM22-30";"1 - 2.5";"Fragment";"blue";"2"
"669";"EM22-30";"1 - 2.5";"Fragment";"white";"2"
"670";"EM22-30";"1 - 2.5";"Fragment";"yellow";"1"
"671";"EM22-30";"1 - 2.5";"Fragment";"Orange";"3"
"672";"EM22-30";"1 - 2.5";"Fragment";"Transparent";"3"
"673";"EM22-30";"1 - 2.5";"film";"white";"1"
"674";"EM22-30";"1 - 2.5";"film";"Transparent";"5"
"675";"EM22-30";"1 - 2.5";"line";"black";"1"
"676";"EM22-30";"1 - 2.5";"line";"white";"2"
"677";"EM22-30";"1 - 2.5";"line";"Transparent";"2"
"678";"EM22-31";"> 5";"Fragment";"white";"3"
"679";"EM22-31";"> 5";"Fragment";"Yellow";"1"
"680";"EM22-31";"> 5";"film";"Transparent";"1"
"681";"EM22-31";"> 5";"line";"green";"2"
"682";"EM22-31";"2.5 - 5";"Fragment";"white";"1"
"683";"EM22-31";"2.5 - 5";"Fragment";"Transparent";"2"
"684";"EM22-31";"1 - 2.5";"Fragment";"black";"1"
"685";"EM22-31";"1 - 2.5";"Fragment";"green";"1"
"686";"EM22-31";"1 - 2.5";"Fragment";"white";"4"
"687";"EM22-31";"1 - 2.5";"Fragment";"Transparent";"2"
"688";"EM22-32";"> 5";"Fragment";"black";"1"
"689";"EM22-32";"> 5";"Fragment";"blue";"1"
"690";"EM22-32";"> 5";"Fragment";"green";"3"
"691";"EM22-32";"> 5";"Fragment";"white";"2"
"692";"EM22-32";"> 5";"Fragment";"Transparent";"2"
"693";"EM22-32";"> 5";"Film";"green";"1"
"694";"EM22-32";"> 5";"Film";"white";"1"
"695";"EM22-32";"> 5";"Film";"Transparent";"8"
"696";"EM22-32";"> 5";"Film";"multicolor";"1"
"697";"EM22-32";"> 5";"Line";"black";"6"
"698";"EM22-32";"> 5";"Line";"blue";"6"
"699";"EM22-32";"> 5";"Line";"white";"11"
"700";"EM22-32";"> 5";"Line";"Yellow";"4"
"701";"EM22-32";"> 5";"Line";"Orange";"2"
"702";"EM22-32";"> 5";"Line";"Transparent";"4"
"703";"EM22-32";"2.5 - 5";"Fragment";"Black";"5"
"704";"EM22-32";"2.5 - 5";"Fragment";"Green";"1"
"705";"EM22-32";"2.5 - 5";"Fragment";"White";"3"
"706";"EM22-32";"2.5 - 5";"Fragment";"Transparent";"1"
"707";"EM22-32";"2.5 - 5";"Film";"Transparent";"2"
"708";"EM22-32";"2.5 - 5";"Film";"multicolor";"1"
"709";"EM22-32";"2.5 - 5";"Line";"Black";"3"
"710";"EM22-32";"2.5 - 5";"Line";"green";"2"
"711";"EM22-32";"2.5 - 5";"Line";"brown";"2"
"712";"EM22-32";"2.5 - 5";"Line";"yellow";"1"
"713";"EM22-32";"2.5 - 5";"Line";"Transparent";"4"
"714";"EM22-32";"2.5 - 5";"ESP";"White";"1"
"715";"EM22-32";"1 - 2.5";"Fragment";"black";"9"
"716";"EM22-32";"1 - 2.5";"Fragment";"blue";"6"
"717";"EM22-32";"1 - 2.5";"Fragment";"brown";"3"
"718";"EM22-32";"1 - 2.5";"Fragment";"white";"24"
"719";"EM22-32";"1 - 2.5";"Fragment";"Yellow";"2"
"720";"EM22-32";"1 - 2.5";"Fragment";"orange";"3"
"721";"EM22-32";"1 - 2.5";"Fragment";"Transparent";"8"
"722";"EM22-32";"1 - 2.5";"Film";"orange";"2"
"723";"EM22-32";"1 - 2.5";"Film";"Transparent";"1"
"724";"EM22-32";"1 - 2.5";"Line";"Black";"1"
"725";"EM22-32";"1 - 2.5";"Line";"Yellow";"2"
"726";"EM22-32";"1 - 2.5";"Line";"Transparent";"3"
"727";"EM22-33";"> 5";"Fragment";"Transparent";"1"
"728";"EM22-33";"> 5";"Film";"Transparent";"1"
"729";"EM22-33";"> 5";"Line";"Blue";"1"
"730";"EM22-33";"2.5 - 5 ";"Fragment";"brown";"1"
"731";"EM22-33";"2.5 - 5 ";"Fragment";"white";"2"
"732";"EM22-34";"> 5";"Fragment";"white";"1"
"733";"EM22-34";"> 5";"line";"white";"1"
"734";"EM22-34";"> 5";"line";"Transparent";"2"
"735";"EM22-34";"2.5 - 5 ";"Fragment";"orange";"1"
"736";"EM22-34";"2.5 - 5 ";"Fragment";"Transparent";"2"
"737";"EM22-34";"2.5 - 5 ";"film";"Transparent";"1"
"738";"EM22-34";"1 - 2.5";"Fragment";"blue";"1"
"739";"EM22-34";"1 - 2.5";"Fragment";"Transparent";"1"
"740";"EM22-34";"1 - 2.5";"line";"green";"1"
"741";"EM22-35";"> 5 ";"Fragment";"brown";"1"
"742";"EM22-35";"> 5 ";"Film ";"green";"1"
"743";"EM22-35";"> 5 ";"Line";"green";"1"
"744";"EM22-35";"2.5 - 5 ";"Fragment";"Black";"1"
"745";"EM22-35";"2.5 - 5 ";"Fragment";"white";"3"
"746";"EM22-35";"2.5 - 5 ";"Fragment";"Transparent";"3"
"747";"EM22-35";"2.5 - 5 ";"Fragment";"multicolor";"1"
"748";"EM22-35";"2.5 - 5 ";"Film";"Transparent";"4"
"749";"EM22-35";"2.5 - 5 ";"Line";"White ";"1"
"750";"EM22-35";"1 - 2.5 ";"Fragment";"Black";"10"
"751";"EM22-35";"1 - 2.5 ";"Fragment";"Blue";"1"
"752";"EM22-35";"1 - 2.5 ";"Fragment";"green";"2"
"753";"EM22-35";"1 - 2.5 ";"Fragment";"white";"12"
"754";"EM22-35";"1 - 2.5 ";"Fragment";"orange";"2"
"755";"EM22-35";"1 - 2.5 ";"Fragment";"Transparent";"20"
"756";"EM22-35";"1 - 2.5 ";"Fragment";"multicolor";"1"
"757";"EM22-35";"1 - 2.5 ";"Film";"green";"1"
"758";"EM22-35";"1 - 2.5 ";"Line";"White ";"2"
"759";"EM22-35";"1 - 2.5 ";"Line";"Yellow";"1"
"760";"EM22-36";"> 5";"line";"green";"1"
"761";"EM22-36";"> 5";"line";"Transparent";"2"
"762";"EM22-36";"2.5 - 5";"Fragment";"Transparent";"1"
"763";"EM22-36";"2.5 - 5";"Line";"green";"1"
"764";"EM22-36";"2.5 - 5";"ESP";"white";"2"
"765";"EM22-36";"1 - 2.5";"Fragment";"black";"1"
"766";"EM22-36";"1 - 2.5";"Fragment";"white";"3"
"767";"EM22-36";"1 - 2.5";"Fragment";"orange";"3"
"768";"EM22-36";"1 - 2.5";"Fragment";"Transparent";"6"
"769";"EM22-36";"1 - 2.5";"film";"Transparent";"1"
"770";"EM22-36";"1 - 2.5";"line";"green";"2"
"771";"EM22-36";"1 - 2.5";"line";"Transparent";"2"
"772";"EM22-36";"1 - 2.5";"ESP";"white";"4"
"773";"EM22-37";"> 5";"film";"Transparent";"4"
"774";"EM22-37";"> 5";"line ";"black";"2"
"775";"EM22-37";"> 5";;"Transparent";"3"
"776";"EM22-37";"2,5 - 5 ";"Fragment";"blue";"1"
"777";"EM22-37";"2,5 - 5 ";"film";"blue";"1"
"778";"EM22-37";"2,5 - 5 ";"film";"white";"1"
"779";"EM22-37";"2,5 - 5 ";"film";"Transparent";"5"
"780";"EM22-37";"2,5 - 5 ";"line ";"blue";"1"
"781";"EM22-37";"1 - 2,5";"Fragment";"white";"6"
"782";"EM22-37";"1 - 2,5";"Fragment";"Transparent";"16"
"783";"EM22-37";"1 - 2,5";"Fragment";"multicolor";"1"
"784";"EM22-37";"1 - 2,5";"film";"white";"1"
"785";"EM22-37";"1 - 2,5";"film";"Transparent";"4"
"786";"EM22-37";"1 - 2,5";"line ";"white";"1"
"787";"EM22-37";"1 - 2,5";"ESP ";"white";"3"
"788";"EM22-39";"> 5";"Fragment";"Blue";"1"
"789";"EM22-39";"> 5";"Fragment";"white";"1"
"790";"EM22-39";"> 5";"Fragment";"Transparent";"1"
"791";"EM22-39";"> 5";"Film";"Black";"2"
"792";"EM22-39";"> 5";"Film";"White";"1"
"793";"EM22-39";"> 5";"Film";"Transparent";"3"
"794";"EM22-39";"> 5";"Line";"Black";"1"
"795";"EM22-39";"> 5";"Line";"Blue";"1"
"796";"EM22-39";"> 5";"Line ";"Orange";"2"
"797";"EM22-39";"> 5";"Line";"Transparent";"3"
"798";"EM22-39";"2,5 - 5";"Fragment";"Black";"4"
"799";"EM22-39";"2,5 - 5";"Fragment";"white";"6"
"800";"EM22-39";"2,5 - 5";"Fragment";"Transparent";"7"
"801";"EM22-39";"2,5 - 5";"Film";"Black";"2"
"802";"EM22-39";"2,5 - 5";"Film";"Blue";"1"
"803";"EM22-39";"2,5 - 5";"Film";"White";"2"
"804";"EM22-39";"2,5 - 5";"Film";"Transparent";"15"
"805";"EM22-39";"2,5 - 5";"Line";"Blue";"2"
"806";"EM22-39";"2,5 - 5";"Line";"Transparent";"5"
"807";"EM22-39";"1 - 2,5";"Fragment";"Black";"21"
"808";"EM22-39";"1 - 2,5";"Fragment";"Blue";"9"
"809";"EM22-39";"1 - 2,5";"Fragment";"green";"3"
"810";"EM22-39";"1 - 2,5";"Fragment";"white";"52"
"811";"EM22-39";"1 - 2,5";"Fragment";"yellow";"3"
"812";"EM22-39";"1 - 2,5";"Fragment";"orange";"1"
"813";"EM22-39";"1 - 2,5";"Fragment";"Transparent";"74"
"814";"EM22-39";"1 - 2,5";"Film";"white";"7"
"815";"EM22-39";"1 - 2,5";"Film";"Transparent";"10"
"816";"EM22-39";"1 - 2,5";"Line";"Black";"1"
"817";"EM22-39";"1 - 2,5";"Line";"green";"1"
"818";"EM22-39";"1 - 2,5";"Line";"brown";"1"
"819";"EM22-39";"1 - 2,5";"Line";"orange";"2"
"820";"EM22-39";"1 - 2,5";"Line ";"Transparent";"3"
"821";"EM22-39";"1 - 2,5";"ESP";"white";"1"
"822";"EM22-40";"> 5";"Fragment";"Black";"1"
"823";"EM22-40";"> 5";"Fragment";"White";"3"
"824";"EM22-40";"> 5";"Fragment";"Transparent";"2"
"825";"EM22-40";"> 5";"Film";"Black";"1"
"826";"EM22-40";"> 5";"Film";"White";"3"
"827";"EM22-40";"> 5";"Film";"Transparent";"8"
"828";"EM22-40";"> 5";"Line";"Black";"1"
"829";"EM22-40";"> 5";"Line";"Blue";"1"
"830";"EM22-40";"> 5";"Line";"White";"1"
"831";"EM22-40";"> 5";"Line";"Transparent";"1"
"832";"EM22-40";"> 5";"ESP";"White";"1"
"833";"EM22-40";"2.5 - 5";"Fragment";"Black";"5"
"834";"EM22-40";"2.5 - 5";"Fragment";"White";"7"
"835";"EM22-40";"2.5 - 5";"Fragment";"Transparent";"11"
"836";"EM22-40";"2.5 - 5";"Film";"Black";"2"
"837";"EM22-40";"2.5 - 5";"Film";"White";"1"
"838";"EM22-40";"2.5 - 5";"Film";"Transparent";"10"
"839";"EM22-40";"2.5 - 5";"Line";"Black";"1"
"840";"EM22-40";"2.5 - 5";"Line";"Blue";"2"
"841";"EM22-40";"2.5 - 5";"Line";"White";"2"
"842";"EM22-40";"2.5 - 5";"Pellet";"White";"1"
"843";"EM22-40";"1 - 2.5";"Fragment";"Black";"17"
"844";"EM22-40";"1 - 2.5";"Fragment";"Blue";"8"
"845";"EM22-40";"1 - 2.5";"Fragment";"Green";"1"
"846";"EM22-40";"1 - 2.5";"Fragment";"Brown";"2"
"847";"EM22-40";"1 - 2.5";"Fragment";"White";"50"
"848";"EM22-40";"1 - 2.5";"Fragment";"Yellow";"1"
"849";"EM22-40";"1 - 2.5";"Fragment";"Orange";"3"
"850";"EM22-40";"1 - 2.5";"Fragment";"Transparent";"93"
"851";"EM22-40";"1 - 2.5";"Film";"Black";"1"
"852";"EM22-40";"1 - 2.5";"Film";"Blue";"2"
"853";"EM22-40";"1 - 2.5";"Film";"White";"2"
"854";"EM22-40";"1 - 2.5";"Film";"orange";"1"
"855";"EM22-40";"1 - 2.5";"Film";"Transparent";"23"
"856";"EM22-40";"1 - 2.5";"Line";"Blue";"2"
"857";"EM22-40";"1 - 2.5";"Line";"green";"2"
"858";"EM22-40";"1 - 2.5";"Line";"White";"4"
"859";"EM22-40";"1 - 2.5";"Line";"Transparent";"2"
"860";"EM22-40";"1 - 2.5";"ESP";"White";"1"
"861";"EM22-42";"> 5";"Fragment";"Black";"1"
"862";"EM22-42";"> 5";"Fragment";"White";"1"
"863";"EM22-42";"> 5";"Fragment";"Transparent";"1"
"864";"EM22-42";"2,5 - 5 ";"Fragment";"Black";"1"
"865";"EM22-42";"2,5 - 5 ";"Fragment";"White";"1"
"866";"EM22-42";"2,5 - 5 ";"Fragment";"Transparent";"2"
"867";"EM22-42";"2,5 - 5 ";"Line";"Blue";"1"
"868";"EM22-42";"1 - 2,5";"Fragment";"Black";"4"
"869";"EM22-42";"1 - 2,5";"Fragment";"Blue";"1"
"870";"EM22-42";"1 - 2,5";"Fragment";"White";"5"
"871";"EM22-42";"1 - 2,5";"Fragment";"Transparent";"7"
"872";"EM22-43";">5";"Fragment";"white";"4"
"873";"EM22-43";">5";"Fragment";"Transparent";"2"
"874";"EM22-43";">5";"film";"black";"2"
"875";"EM22-43";">5";"film";"green";"1"
"876";"EM22-43";">5";"film";"Transparent";"2"
"877";"EM22-43";">5";"line";"blue";"1"
"878";"EM22-43";">5";"line";"Transparent";"1"
"879";"EM22-43";"2,5 - 5";"Fragment";"black";"4"
"880";"EM22-43";"2,5 - 5";"Fragment";"white";"2"
"881";"EM22-43";"2,5 - 5";"Fragment";"Transparent";"6"
"882";"EM22-43";"2,5 - 5";"film";"white";"1"
"883";"EM22-43";"2,5 - 5";"film";"Transparent";"3"
"884";"EM22-43";"2,5 - 5";"line";"white";"1"
"885";"EM22-43";"1-2,5";"Fragment";"black";"6"
"886";"EM22-43";"1-2,5";"Fragment";"blue";"2"
"887";"EM22-43";"1-2,5";"Fragment";"green";"2"
"888";"EM22-43";"1-2,5";"Fragment";"brown";"1"
"889";"EM22-43";"1-2,5";"Fragment";"White";"15"
"890";"EM22-43";"1-2,5";"Fragment";"Orange";"2"
"891";"EM22-43";"1-2,5";"Fragment";"Transparent";"17"
"892";"EM22-43";"1-2,5";"Fragment";"Multicolor";"2"
"893";"EM22-43";"1-2,5";"film";"White";"1"
"894";"EM22-43";"1-2,5";"film";"Transparent";"3"
"895";"EM22-43";"1-2,5";"line";"Transparent";"2"
"896";"EM22-45";">5";"Fragment";"Black";"1"
"897";"EM22-45";">5";"Fragment";"White";"3"
"898";"EM22-45";">5";"Fragment";"Transparent";"1"
"899";"EM22-45";">5";"Film";"Black";"1"
"900";"EM22-45";">5";"Film";"Blue";"1"
"901";"EM22-45";">5";"Film";"White";"1"
"902";"EM22-45";">5";"Film";"Transparent";"7"
"903";"EM22-45";">5";"Line";"Transparent";"2"
"904";"EM22-45";"2,5 - 5";"Fragment";"Black";"7"
"905";"EM22-45";"2,5 - 5";"Fragment";"Blue";"1"
"906";"EM22-45";"2,5 - 5";"Fragment";"White";"17"
"907";"EM22-45";"2,5 - 5";"Fragment";"Transparent";"28"
"908";"EM22-45";"2,5 - 5";"Fragment";"multicolor";"1"
"909";"EM22-45";"2,5 - 5";"Film";"Green";"1"
"910";"EM22-45";"2,5 - 5";"Film";"White";"1"
"911";"EM22-45";"2,5 - 5";"Film";"Transparent";"10"
"912";"EM22-45";"2,5 - 5";"Line";"Transparent";"1"
"913";"EM22-45";"2,5 - 5";"ESP";"White";"1"
"914";"EM22-45";"2,5 - 5";"Pellet";"White";"1"
"915";"EM22-45";"1-2,5";"Fragment";"Black";"25"
"916";"EM22-45";"1-2,5";"Fragment";"Blue";"5"
"917";"EM22-45";"1-2,5";"Fragment";"Green";"5"
"918";"EM22-45";"1-2,5";"Fragment";"White";"80"
"919";"EM22-45";"1-2,5";"Fragment";"Yellow";"2"
"920";"EM22-45";"1-2,5";"Fragment";"Orange";"6"
"921";"EM22-45";"1-2,5";"Fragment";"Transparent";"64"
"922";"EM22-45";"1-2,5";"Fragment";"multicolor";"4"
"923";"EM22-45";"1-2,5";"Film";"Black";"1"
"924";"EM22-45";"1-2,5";"Film";"Green";"1"
"925";"EM22-45";"1-2,5";"Film";"White";"1"
"926";"EM22-45";"1-2,5";"Film";"Transparent";"9"
"927";"EM22-45";"1-2,5";"Line";"Transparent";"1"
"928";"EM22-45";"1-2,5";"ESP";"White";"3"
"929";"EM22-45";"1-2,5";"Pellet";"Yellow";"1"
"930";"EM22-46";">5";"Fragment";"Blue";"1"
"931";"EM22-46";">5";"Fragment";"White";"1"
"932";"EM22-46";">5";"Fragment";"Yellow";"1"
"933";"EM22-46";">5";"Fragment";"Transparent";"4"
"934";"EM22-46";">5";"Film";"White";"1"
"935";"EM22-46";">5";"Film";"Transparent";"8"
"936";"EM22-46";">5";"Line";"Green";"1"
"937";"EM22-46";">5";"Line";"Transparent";"1"
"938";"EM22-46";"2,5 - 5";"Fragment";"Black";"5"
"939";"EM22-46";"2,5 - 5";"Fragment";"White";"4"
"940";"EM22-46";"2,5 - 5";"Fragment";"Yellow";"1"
"941";"EM22-46";"2,5 - 5";"Fragment";"Transparent";"28"
"942";"EM22-46";"2,5 - 5";"Film";"White";"1"
"943";"EM22-46";"2,5 - 5";"Film";"Transparent";"7"
"944";"EM22-46";"2,5 - 5";"Line";"Black";"2"
"945";"EM22-46";"2,5 - 5";"Line";"Yellow";"1"
"946";"EM22-46";"2,5 - 5";"Line";"Transparent";"5"
"947";"EM22-46";"2,5 - 5";"ESP";"White";"1"
"948";"EM22-46";"1 - 2,5";"Fragment";"Black";"30"
"949";"EM22-46";"1 - 2,5";"Fragment";"Blue";"15"
"950";"EM22-46";"1 - 2,5";"Fragment";"Green";"12"
"951";"EM22-46";"1 - 2,5";"Fragment";"Brown";"1"
"952";"EM22-46";"1 - 2,5";"Fragment";"White";"73"
"953";"EM22-46";"1 - 2,5";"Fragment";"Yellow";"2"
"954";"EM22-46";"1 - 2,5";"Fragment";"Orange";"2"
"955";"EM22-46";"1 - 2,5";"Fragment";"Transparent";"169"
"956";"EM22-46";"1 - 2,5";"Film";"Black";"2"
"957";"EM22-46";"1 - 2,5";"Film";"Transparent";"13"
"958";"EM22-46";"1 - 2,5";"Line";"Black";"2"
"959";"EM22-46";"1 - 2,5";"Line";"Blue";"1"
"960";"EM22-46";"1 - 2,5";"Line";"White";"5"
"961";"EM22-46";"1 - 2,5";"Line";"Orange";"3"
"962";"EM22-46";"1 - 2,5";"Line";"Transparent";"1"
"963";"EM22-46";"1 - 2,5";"ESP";"White";"1"
"964";"EM22-47";">5";"Fragment";"Black";"15"
"965";"EM22-47";">5";"Fragment";"Blue";"6"
"966";"EM22-47";">5";"Fragment";"green";"4"
"967";"EM22-47";">5";"Fragment";"White";"34"
"968";"EM22-47";">5";"Fragment";"Yellow";"1"
"969";"EM22-47";">5";"Fragment";"Orange";"1"
"970";"EM22-47";">5";"Fragment";"Transparent";"63"
"971";"EM22-47";">5";"Film";"Black";"1"
"972";"EM22-47";">5";"Film";"Blue";"3"
"973";"EM22-47";">5";"Film";"green";"1"
"974";"EM22-47";">5";"Film";"White";"12"
"975";"EM22-47";">5";"Film";"Yellow";"1"
"976";"EM22-47";">5";"Film";"Transparent";"57"
"977";"EM22-47";">5";"Film";"Multicolor";"2"
"978";"EM22-47";">5";"Line";"Black";"5"
"979";"EM22-47";">5";"Line";"Blue";"12"
"980";"EM22-47";">5";"Line";"green";"9"
"981";"EM22-47";">5";"Line";"white";"5"
"982";"EM22-47";">5";"Line";"Yellow";"1"
"983";"EM22-47";">5";"Line";"Orange";"12"
"984";"EM22-47";">5";"Line";"Transparent";"23"
"985";"EM22-47";"2,5 - 5";"Fragment";"Black";"29"
"986";"EM22-47";"2,5 - 5";"Fragment";"Blue";"9"
"987";"EM22-47";"2,5 - 5";"Fragment";"green";"5"
"988";"EM22-47";"2,5 - 5";"Fragment";"White";"58"
"989";"EM22-47";"2,5 - 5";"Fragment";"Yellow";"2"
"990";"EM22-47";"2,5 - 5";"Fragment";"Orange";"4"
"991";"EM22-47";"2,5 - 5";"Fragment";"Transparent";"85"
"992";"EM22-47";"2,5 - 5";"Fragment";"Multicolor";"1"
"993";"EM22-47";"2,5 - 5";"Film";"Black";"1"
"994";"EM22-47";"2,5 - 5";"Film";"Blue";"4"
"995";"EM22-47";"2,5 - 5";"Film";"White";"15"
"996";"EM22-47";"2,5 - 5";"Film";"Transparent";"70"
"997";"EM22-47";"2,5 - 5";"Line";"Black";"1"
"998";"EM22-47";"2,5 - 5";"Line";"Blue";"4"
"999";"EM22-47";"2,5 - 5";"Line";"Green";"2"
"1000";"EM22-47";"2,5 - 5";"Line";"White";"6"
"1001";"EM22-47";"2,5 - 5";"Line";"Orange";"2"
"1002";"EM22-47";"2,5 - 5";"Line";"Transparent";"14"
"1003";"EM22-47";"2,5 - 5";"PU";"White";"1"
"1004";"EM22-47";"2,5 - 5";"Pellet";"Transparent";"1"
"1005";"EM22-47";"1 - 2,5 ";"Fragment";"Black";"107"
"1006";"EM22-47";"1 - 2,5 ";"Fragment";"Blue";"39"
"1007";"EM22-47";"1 - 2,5 ";"Fragment";"Green";"14"
"1008";"EM22-47";"1 - 2,5 ";"Fragment";"Brown";"2"
"1009";"EM22-47";"1 - 2,5 ";"Fragment";"White";"295"
"1010";"EM22-47";"1 - 2,5 ";"Fragment";"Yellow";"10"
"1011";"EM22-47";"1 - 2,5 ";"Fragment";"Orange";"9"
"1012";"EM22-47";"1 - 2,5 ";"Fragment";"Transparent";"704"
"1013";"EM22-47";"1 - 2,5 ";"Fragment";"multicolor";"5"
"1014";"EM22-47";"1 - 2,5 ";"Film";"Black";"1"
"1015";"EM22-47";"1 - 2,5 ";"Film";"Blue";"2"
"1016";"EM22-47";"1 - 2,5 ";"Film";"White";"4"
"1017";"EM22-47";"1 - 2,5 ";"Film";"Transparent";"39"
"1018";"EM22-47";"1 - 2,5 ";"Line";"Blue";"1"
"1019";"EM22-47";"1 - 2,5 ";"Line";"Green";"3"
"1020";"EM22-47";"1 - 2,5 ";"Line";"White";"7"
"1021";"EM22-47";"1 - 2,5 ";"Line";"Transparent";"10"
"1022";"EM22-47";"1 - 2,5 ";"ESP";"White";"1"
"1023";"EM22-48";"> 5";"Fragment";"Black";"2"
"1024";"EM22-48";"> 5";"Fragment";"Blue";"1"
"1025";"EM22-48";"> 5";"Fragment";"White";"19"
"1026";"EM22-48";"> 5";"Fragment";"Yellow";"1"
"1027";"EM22-48";"> 5";"Fragment";"Transparent";"4"
"1028";"EM22-48";"> 5";"Film";"Black";"1"
"1029";"EM22-48";"> 5";"Film";"White";"3"
"1030";"EM22-48";"> 5";"Film";"Transparent";"27"
"1031";"EM22-48";"> 5";"Line";"Green";"1"
"1032";"EM22-48";"> 5";"Line";"White";"1"
"1033";"EM22-48";"> 5";"Line";"Transparent";"1"
"1034";"EM22-48";"> 5";"Line";"Multicolor";"1"
"1035";"EM22-48";"> 5";"Pellet";"White";"1"
"1036";"EM22-48";"2.5 - 5";"Fragment";"Black";"7"
"1037";"EM22-48";"2.5 - 5";"Fragment";"White";"3"
"1038";"EM22-48";"2.5 - 5";"Fragment";"Yellow";"1"
"1039";"EM22-48";"2.5 - 5";"Fragment";"Transparent";"10"
"1040";"EM22-48";"2.5 - 5";"Film";"Transparent";"24"
"1041";"EM22-48";"2.5 - 5";"Line";"Green";"1"
"1042";"EM22-48";"2.5 - 5";"Line";"Transparent";"1"
"1043";"EM22-48";"1 - 2.5";"Fragment";"Black";"14"
"1044";"EM22-48";"1 - 2.5";"Fragment";"Blue";"7"
"1045";"EM22-48";"1 - 2.5";"Fragment";"Green";"2"
"1046";"EM22-48";"1 - 2.5";"Fragment";"White";"18"
"1047";"EM22-48";"1 - 2.5";"Fragment";"Yellow";"1"
"1048";"EM22-48";"1 - 2.5";"Fragment";"Orange";"2"
"1049";"EM22-48";"1 - 2.5";"Fragment";"Transparent";"64"
"1050";"EM22-48";"1 - 2.5";"Film";"Transparent";"13"
"1051";"EM22-48";"1 - 2.5";"Line";"Green";"2"
"1052";"EM22-48";"1 - 2.5";"ESP";"White";"1"
"1053";"EM22-49";"> 5";"Fragment";"Black";"1"
"1054";"EM22-49";"> 5";"Fragment";"Transparent";"4"
"1055";"EM22-49";"> 5";"Film";"White";"1"
"1056";"EM22-49";"> 5";"Film";"Transparent";"10"
"1057";"EM22-49";"> 5";"Line";"Black";"1"
"1058";"EM22-49";"> 5";"Line";"Blue";"1"
"1059";"EM22-49";"> 5";"Line";"White";"1"
"1060";"EM22-49";"> 5";"Line";"Orange";"1"
"1061";"EM22-49";"> 5";"Line";"Transparent";"1"
"1062";"EM22-49";"2.5 - 5 ";"Fragment";"Blue";"1"
"1063";"EM22-49";"2.5 - 5 ";"Fragment";"White";"3"
"1064";"EM22-49";"2.5 - 5 ";"Fragment";"Transparent";"8"
"1065";"EM22-49";"2.5 - 5 ";"Film";"Black";"2"
"1066";"EM22-49";"2.5 - 5 ";"Film";"Transparent";"5"
"1067";"EM22-49";"2.5 - 5 ";"Line";"Blue";"2"
"1068";"EM22-49";"2.5 - 5 ";"Line";"green";"1"
"1069";"EM22-49";"2.5 - 5 ";"ESP";"White";"2"
"1070";"EM22-49";"1 - 2.5";"Fragment";"Black";"10"
"1071";"EM22-49";"1 - 2.5";"Fragment";"Blue";"6"
"1072";"EM22-49";"1 - 2.5";"Fragment";"green";"2"
"1073";"EM22-49";"1 - 2.5";"Fragment";"White";"37"
"1074";"EM22-49";"1 - 2.5";"Fragment";"Yellow";"7"
"1075";"EM22-49";"1 - 2.5";"Fragment";"Orange";"1"
"1076";"EM22-49";"1 - 2.5";"Fragment";"Transparent";"40"
"1077";"EM22-49";"1 - 2.5";"Fragment";"Multicolor";"1"
"1078";"EM22-49";"1 - 2.5";"Film";"white";"3"
"1079";"EM22-49";"1 - 2.5";"Film";"Transparent";"10"
"1080";"EM22-49";"1 - 2.5";"Line";"Blue";"3"
"1081";"EM22-49";"1 - 2.5";"Line";"green";"1"
"1082";"EM22-49";"1 - 2.5";"ESP";"white";"14"
"1083";"EM22-50";"> 5";"Fragment";"Blue";"1"
"1084";"EM22-50";"> 5";"Fragment";"White";"6"
"1085";"EM22-50";"> 5";"Fragment";"Orange";"1"
"1086";"EM22-50";"> 5";"Fragment";"Transparent";"7"
"1087";"EM22-50";"> 5";"Fragment";"Multicolor";"1"
"1088";"EM22-50";"> 5";"Film";"Blue";"1"
"1089";"EM22-50";"> 5";"Film";"White";"4"
"1090";"EM22-50";"> 5";"Film";"Transparent";"9"
"1091";"EM22-50";"> 5";"Line";"Black";"2"
"1092";"EM22-50";"> 5";"Line";"Blue";"1"
"1093";"EM22-50";"> 5";"Line";"Green";"2"
"1094";"EM22-50";"> 5";"Line";"White";"1"
"1095";"EM22-50";"> 5";"Line";"Transparent";"3"
"1096";"EM22-50";"2.5 - 5";"Fragment";"Black";"6"
"1097";"EM22-50";"2.5 - 5";"Fragment";"Blue";"1"
"1098";"EM22-50";"2.5 - 5";"Fragment";"Green";"2"
"1099";"EM22-50";"2.5 - 5";"Fragment";"White";"21"
"1100";"EM22-50";"2.5 - 5";"Fragment";"Yellow";"1"
"1101";"EM22-50";"2.5 - 5";"Fragment";"Transparent";"17"
"1102";"EM22-50";"2.5 - 5";"Fragment";"multicolor";"1"
"1103";"EM22-50";"2.5 - 5";"Film";"Black";"4"
"1104";"EM22-50";"2.5 - 5";"Film";"Blue";"1"
"1105";"EM22-50";"2.5 - 5";"Film";"White";"7"
"1106";"EM22-50";"2.5 - 5";"Film";"Yellow";"1"
"1107";"EM22-50";"2.5 - 5";"Film";"Transparent";"19"
"1108";"EM22-50";"2.5 - 5";"Line";"White";"2"
"1109";"EM22-50";"2.5 - 5";"Line";"Orange";"2"
"1110";"EM22-50";"2.5 - 5";"Line";"Transparent";"7"
"1111";"EM22-50";"2.5 - 5";"ESP";"White";"3"
"1112";"EM22-50";"1 - 2.5";"Fragment";"Black";"25"
"1113";"EM22-50";"1 - 2.5";"Fragment";"Blue";"17"
"1114";"EM22-50";"1 - 2.5";"Fragment";"Green";"5"
"1115";"EM22-50";"1 - 2.5";"Fragment";"Brown";"2"
"1116";"EM22-50";"1 - 2.5";"Fragment";"White";"79"
"1117";"EM22-50";"1 - 2.5";"Fragment";"Yellow";"6"
"1118";"EM22-50";"1 - 2.5";"Fragment";"Orange";"4"
"1119";"EM22-50";"1 - 2.5";"Fragment";"Transparent";"160"
"1120";"EM22-50";"1 - 2.5";"Fragment";"Multicolor";"6"
"1121";"EM22-50";"1 - 2.5";"Film";"Black";"2"
"1122";"EM22-50";"1 - 2.5";"Film";"Blue";"3"
"1123";"EM22-50";"1 - 2.5";"Film";"Green";"1"
"1124";"EM22-50";"1 - 2.5";"Film";"White";"5"
"1125";"EM22-50";"1 - 2.5";"Film";"Transparent";"30"
"1126";"EM22-50";"1 - 2.5";"Line";"Black";"1"
"1127";"EM22-50";"1 - 2.5";"Line";"Blue";"2"
"1128";"EM22-50";"1 - 2.5";"Line";"Green";"7"
"1129";"EM22-50";"1 - 2.5";"Line";"Brown";"1"
"1130";"EM22-50";"1 - 2.5";"Line";"White";"3"
"1131";"EM22-50";"1 - 2.5";"Line";"Orange";"1"
"1132";"EM22-50";"1 - 2.5";"Line";"Transparent";"7"
"1133";"EM22-50";"1 - 2.5";"Line";"Multicolor";"1"
"1134";"EM22-50";"1 - 2.5";"ESP";"White";"4"
"1135";"EM22-50";"1 - 2.5";"ESP";"Yellow";"1"
"1136";"EM22-51";"> 5";"Fragment";"Black";"4"
"1137";"EM22-51";"> 5";"Film";"Transparent";"4"
"1138";"EM22-51";"> 5";"Line";"White";"1"
"1139";"EM22-51";"> 5";"Line";"Transparent";"2"
"1140";"EM22-51";"2.5 - 5 ";"Fragment";"Black";"2"
"1141";"EM22-51";"2.5 - 5 ";"Fragment";"White";"1"
"1142";"EM22-51";"2.5 - 5 ";"Fragment";"Multicolor";"1"
"1143";"EM22-51";"2.5 - 5 ";"Film";"Transparent";"3"
"1144";"EM22-51";"2.5 - 5 ";"Line";"Transparent";"3"
"1145";"EM22-51";"1 - 2.5 ";"Fragment";"Black";"4"
"1146";"EM22-51";"1 - 2.5 ";"Fragment";"Blue";"2"
"1147";"EM22-51";"1 - 2.5 ";"Fragment";"Green";"1"
"1148";"EM22-51";"1 - 2.5 ";"Fragment";"White";"21"
"1149";"EM22-51";"1 - 2.5 ";"Fragment";"Orange";"2"
"1150";"EM22-51";"1 - 2.5 ";"Fragment";"Transparent";"10"
"1151";"EM22-51";"1 - 2.5 ";"Fragment";"Multicolor";"2"
"1152";"EM22-51";"1 - 2.5 ";"Film";"Black";"1"
"1153";"EM22-51";"1 - 2.5 ";"Film";"Transparent";"1"
"1154";"EM22-51";"1 - 2.5 ";"Line";"White";"2"
"1155";"EM22-51";"1 - 2.5 ";"ESP";"White";"2"
"1156";"EM22-53";"> 5";"Fragment";"White";"1"
"1157";"EM22-53";"> 5";;"Transparent";"1"
"1158";"EM22-53";"> 5";"Film";"Transparent";"1"
"1159";"EM22-53";"> 5";"Line";"Green";"1"
"1160";"EM22-53";"> 5";"ESP";"White";"1"
"1161";"EM22-53";"2.5 - 5";"Fragment";"Black";"1"
"1162";"EM22-53";"2.5 - 5";"Fragment";"Blue";"1"
"1163";"EM22-53";"2.5 - 5";"Fragment";"White";"1"
"1164";"EM22-53";"2.5 - 5";"Fragment";"Transparent";"1"
"1165";"EM22-53";"2.5 - 5";"Film";"Transparent";"2"
"1166";"EM22-53";"2.5 - 5";"ESP";"White";"2"
"1167";"EM22-53";"1 - 2.5";"Fragment";"Green";"2"
"1168";"EM22-53";"1 - 2.5";"Fragment";"White";"5"
"1169";"EM22-53";"1 - 2.5";"Fragment";"Transparent";"7"
"1170";"EM22-53";"1 - 2.5";"Film";"White";"1"
"1171";"EM22-53";"1 - 2.5";"Line";"Black";"1"
"1172";"EM22-53";"1 - 2.5";"ESP";"White";"3"
"1173";"EM22-55";"> 5";"Fragment";"White";"2"
"1174";"EM22-55";"> 5";"Fragment";"Transparent";"1"
"1175";"EM22-55";"> 5";"Film";"Transparent";"1"
"1176";"EM22-55";"2.5 - 5";"Fragment";"White";"1"
"1177";"EM22-55";"1 - 2.5";"Fragment";"Blue";"2"
"1178";"EM22-55";"1 - 2.5";"Fragment";"White";"7"
"1179";"EM22-55";"1 - 2.5";"Fragment";"Transparent";"1"
"1180";"EM22-55";"1 - 2.5";"Film";"Black";"1"
"1181";"EM22-55";"1 - 2.5";"Film";"Transparent";"1"
"1182";"EM22-55";"1 - 2.5";"ESP";"White";"2"
"1183";"EM22-56";"> 5";"Fragment";"Black";"1"
"1184";"EM22-56";"> 5";"Film";"Transparent";"1"
"1185";"EM22-56";"> 5";"Line";"Green";"1"
"1186";"EM22-56";"> 5";"Line";"Orange";"1"
"1187";"EM22-56";"2.5 - 5";"Fragment";"Black";"1"
"1188";"EM22-56";"2.5 - 5";"Film";"Transparent";"1"
"1189";"EM22-56";"1 - 2.5";"Fragment";"Black";"1"
"1190";"EM22-56";"1 - 2.5";"Fragment";"White";"1"
"1191";"EM22-56";"1 - 2.5";"Fragment";"Transparent";"3"
"1192";"EM22-56";"1 - 2.5";"Film";"Transparent";"1"
"1193";"EM22-56";"1 - 2.5";"Line";"Transparent";"1"
"1194";"EM22-56";"1 - 2.5";"ESP";"White";"3"
"1195";"EM22-56";"1 - 2.5";"ESP";"Orange";"1"
"1196";"EM22-57";"< 5";"Fragment";"Black";"1"
"1197";"EM22-57";"< 5";"Fragment";"Blue";"1"
"1198";"EM22-57";"< 5";"Fragment";"Green";"1"
"1199";"EM22-57";"< 5";"Fragment";"White";"3"
"1200";"EM22-57";"< 5";"Fragment";"Orange";"1"
"1201";"EM22-57";"< 5";"Fragment";"Transparent";"2"
"1202";"EM22-57";"< 5";"Film";"Green";"1"
"1203";"EM22-57";"< 5";"Film";"Brown";"1"
"1204";"EM22-57";"< 5";"Film";"White";"1"
"1205";"EM22-57";"< 5";"Film";"Orange";"1"
"1206";"EM22-57";"< 5";"Film";"Transparent";"6"
"1207";"EM22-57";"< 5";"Line";"Green";"1"
"1208";"EM22-57";"< 5";"Line";"White";"6"
"1209";"EM22-57";"< 5";"Line";"Transparent";"5"
"1210";"EM22-57";"< 5";"ESP";"White";"5"
"1211";"EM22-57";"< 5";"ESP";"Yellow";"1"
"1212";"EM22-57";"< 5";"ESP";"Multicolor";"1"
"1213";"EM22-57";"2,5 - 5";"Fragment";"Green";"1"
"1214";"EM22-57";"2,5 - 5";"Fragment";"White";"5"
"1215";"EM22-57";"2,5 - 5";"Fragment";"Transparent";"5"
"1216";"EM22-57";"2,5 - 5";"Film";"White";"3"
"1217";"EM22-57";"2,5 - 5";"Film";"Orange";"2"
"1218";"EM22-57";"2,5 - 5";"Film";"Transparent";"7"
"1219";"EM22-57";"2,5 - 5";"Line";"White";"1"
"1220";"EM22-57";"2,5 - 5";"ESP";"Black";"1"
"1221";"EM22-57";"2,5 - 5";"ESP";"Brown";"1"
"1222";"EM22-57";"2,5 - 5";"ESP";"White";"6"
"1223";"EM22-57";"2,5 - 5";"ESP";"Yellow";"2"
"1224";"EM22-57";"2,5 - 5";"Pellet";"White";"1"
"1225";"EM22-57";"2,5 - 5";"Pellet";"Transparent";"4"
"1226";"EM22-57";"1 - 2,5";"Fragment";"Black";"4"
"1227";"EM22-57";"1 - 2,5";"Fragment";"Blue";"2"
"1228";"EM22-57";"1 - 2,5";"Fragment";"Green";"3"
"1229";"EM22-57";"1 - 2,5";"Fragment";"Brown";"2"
"1230";"EM22-57";"1 - 2,5";"Fragment";"White";"20"
"1231";"EM22-57";"1 - 2,5";"Fragment";"Yellow";"1"
"1232";"EM22-57";"1 - 2,5";"Fragment";"Orange";"4"
"1233";"EM22-57";"1 - 2,5";"Fragment";"Transparent";"37"
"1234";"EM22-57";"1 - 2,5";"Film ";"Black";"1"
"1235";"EM22-57";"1 - 2,5";"Film ";"White";"1"
"1236";"EM22-57";"1 - 2,5";"Film ";"Orange";"1"
"1237";"EM22-57";"1 - 2,5";"Film ";"Transparent";"12"
"1238";"EM22-57";"1 - 2,5";"Line";"White";"3"
"1239";"EM22-57";"1 - 2,5";"Line";"Orange";"1"
"1240";"EM22-57";"1 - 2,5";"Line";"Transparent";"1"
"1241";"EM22-57";"1 - 2,5";"ESP";"Black";"1"
"1242";"EM22-57";"1 - 2,5";"ESP";"White";"16"
"1243";"EM22-57";"1 - 2,5";"ESP";"Yellow";"3"
